RED;Chapter;Article;Part;ShortN;LIMP;IMPMAX;IMPMIN;DISBATMAX;DISBATMIN;RESTOLMAX;RESTOLMIN;ARMAX;ARMIN;LIMMAX;LIMMIN;CORWMAX;CORWMIN;CIVMAX;CIVMIN;DEPRMAX;DEPRMIN;FINEMAX;FINEMIN;CONF;DEPRDOP;DEPRDOPMAX;DEPRDOPMIN;FINEDOP;FINEDOPMAX;FINEDOPMIN;GRADEMAN;GRADEAUTO
2001;I;1090;1;Art. 109 p.1;;10;5;;;;;;;;;;;;;;;;;;;;;;;;3;
2001;I;1090;2;Art. 109 p.2;;3;1;;;3;1;;;;;;;;;;;;;;;;;;;;2;
2001;I;1090;3;Art. 109 p.3;;5;1;;;5;1;;;;;;;;;;;;;;;;;;;;2;
2001;I;1100;1;Art. 110 p.1;;3;1;;;3;1;;;;;;;;;;;;;;;;;;;;2;
2001;I;1100;2;Art. 110 p.2;;5;3;;;5;3;;;;;;;;;;;;;;;;;;;;2;
2001;I;1100;3;Art. 110 p.3;;12;7;;;;;;;;;;;;;;;;;;;;;;;;4;
2001;I;1110;1;Art. 111 p.1;;15;10;;;;;;;;;;;;;;;;;;;;;;;;4;
2001;I;1120;1;Art. 112 p.1;1;15;10;;;;;;;;;;;;;;;;;;;;;;;;4;
2001;I;1130;1;Art. 113 p.1;;15;8;;;;;;;;;;;;;;;;;;;;;;;;4;
2001;I;1140;1;Art. 114 p.1;;15;8;;;;;;;;;;;;;;;;;;;;;;;;4;
2001;II;1150;1;Art. 115 p.1;;15;7;;;;;;;;;;;;;;;;;;;;;;;;4;
2001;II;1150;2;Art. 115 p.2;1;15;10;;;;;;;;;;;;;;;;;1;;;;;;;4;
2001;II;1160;1;Art. 116 p.1;;5;1;;;5;1;;;;;;;;;;;;;;;;;;;;2;
2001;II;1170;1;Art. 117 p.1;;5;1;;;5;1;;;;;;;;;;;;;;;;;;;;2;
2001;II;1180;1;Art. 118 p.1;;2;1;;;3;1;;;;;2;0,5;;;;;;;;;;;;;;1;
2001;II;1190;1;Art. 119 p.1;;5;3;;;5;3;;;;;;;;;;;;;;;;;;;;2;
2001;II;1190;2;Art. 119 p.2;;8;5;;;;;;;;;;;;;;;;;;;;;;;;3;
2001;II;1200;1;Art. 120 p.1;;3;1;;;3;1;;;;;;;;;;;;;;;;;;;;2;
2001;II;1200;2;Art. 120 p.2;;5;1;;;5;1;;;;;;;;;;;;;;;;;;;;2;
2001;II;1200;3;Art. 120 p.3;;10;7;;;;;;;;;;;;;;;;;;;;;;;;3;
2001;II;1210;1;Art. 121 p.1;;8;5;;;;;;;;;;;;;;;;;;;;;;;;3;
2001;II;1210;2;Art. 121 p.2;;10;7;;;;;;;;;;;;;;;;;;;;;;;;3;
2001;II;1220;1;Art. 122 p.1;;3;1;;;3;1;;;;;2;0,5;;;;;;;;;;;;;;2;
2001;II;1220;2;Art. 122 p.2;;5;3;;;;;;;;;;;;;;;;;;;;;;;;2;
2001;II;1230;1;Art. 123 p.1;;2;1;;;3;1;;;;;2;0,5;240;150;;;;;;;;;;;;1;
2001;II;1240;1;Art. 124 p.1;;;;;;2;1;6;1;;;2;0,5;240;150;;;;;;;;;;;;1;
2001;II;1250;1;Art. 125 p.1;;;;;;;;;;;;1;0,5;200;60;;;50;30;;;;;;;;1;
2001;II;1250;2;Art. 125 p.2;;;;;;2;1;6;1;;;1;0,5;240;150;;;;;;;;;;;;1;
2001;II;1260;1;Art. 126 p.1;;;;;;;;;;;;1;0,5;200;60;;;50;30;;;;;;;;1;
2001;II;1260;2;Art. 126 p.2;;5;1;;;5;1;;;;;;;;;;;;;;;;;;;;2;
2001;II;1270;1;Art. 127 p.1;;5;3;;;;;;;;;;;;;;;;;;;;;;;;2;
2001;II;1270;2;Art. 127 p.2;;10;5;;;;;;;;;;;;;;;;;;;;;;;;3;
2001;II;1280;1;Art. 128 p.1;;;;;;2;1;;;;;2;0,5;240;150;;;;;;;;;;;;1;
2001;II;1290;1;Art. 129 p.1;;;;;;2;1;6;1;;;;;;;;;;;;;;;;;;1;
2001;II;1290;2;Art. 129 p.2;;5;3;;;;;;;;;;;;;;;;;;;;;;;;2;
2001;II;1300;1;Art. 130 p.1;;3;1;;;5;1;3;1;;;;;;;;;;;;;;;;;;2;
2001;II;1300;2;Art. 130 p.2;;5;2;;;;;;;;;;;;;;;;;;;;;;;;2;
2001;II;1300;3;Art. 130 p.3;;8;3;;;;;;;;;;;;;;;;;;;;;;;;3;
2001;II;1300;4;Art. 130 p.4;;10;5;;;;;;;;;;;;;;;;;;;;;;;;3;
2001;II;1310;1;Art. 131 p.1;;3;1;;;3;1;;;;;;;;;3;2;;;;;;;;;;2;
2001;II;1310;2;Art. 131 p.2;;8;3;;;;;;;;;;;;;;;;;;;3;1;;;;3;
2001;II;1320;1;Art. 132 p.1;;;;;;3;1;;;;;2;0,5;240;60;;;100;50;;;3;1;;;;1;
2001;II;1330;1;Art. 133 p.1;;2;1;;;2;1;6;1;;;2;0,5;;;;;;;;;;;;;;1;
2001;II;1330;2;Art. 133 p.2;;3;1;;;5;1;;;;;;;;;;;;;;;;;;;;2;
2001;II;1330;3;Art. 133 p.3;;5;2;;;;;;;;;;;;;;;;;;;;;;;;2;
2001;II;1340;1;Art. 134 p.1;;;;;;2;1;;;;;2;0,5;240;100;;;100;50;;;;;;;;1;
2001;II;1340;2;Art. 134 p.2;;5;1;;;5;1;;;;;;;;;;;;;;;3;1;;;;2;
2001;II;1350;1;Art. 135 p.1;;2;1;;;2;1;;;;;;;;;;;;;;;;;;;;1;
2001;II;1350;2;Art. 135 p.2;;3;1;;;3;1;;;;;;;;;;;;;;;;;;;;2;
2001;II;1350;3;Art. 135 p.3;;8;3;;;;;;;;;;;;;;;;;;;;;;;;3;
2001;II;1360;1;Art. 136 p.1;;;;;;;;6;1;;;;;;;;;900;500;;;;;;;;1;
2001;II;1360;2;Art. 136 p.2;;;;;;3;1;6;1;;;;;;;;;1000;500;;;;;;;;1;
2001;II;1360;3;Art. 136 p.3;;5;2;;;5;3;;;;;;;;;;;;;;;;;;;;2;
2001;II;1370;1;Art. 137 p.1;;;;;;;;;;;;;;240;60;3;2;50;30;;;;;;;;1;
2001;II;1370;2;Art. 137 p.2;;3;1;;;4;1;;;;;;;;;;;;;;;3;1;;;;2;
2001;II;1380;1;Art. 138 p.1;;3;1;;;3;1;;;;;2;0,5;;;;;;;;;;;;;;2;
2001;II;1390;1;Art. 139 p.1;;;;;;;;;;;;2;0,5;;;;;50;30;;;3;1;;;;1;
2001;II;1390;2;Art. 139 p.2;;3;1;;;4;1;;;;;;;;;;;;;;;3;1;;;;2;
2001;II;1400;1;Art. 140 p.1;;2;1;;;2;1;;;;;2;0,5;;;5;2;;;;;;;;;;1;
2001;II;1400;2;Art. 140 p.2;;3;1;;;5;1;;;;;;;;;;;;;;;3;1;;;;2;
2001;II;1410;1;Art. 141 p.1;;5;3;;;5;3;;;;;;;;;;;;;;;;;;;;2;
2001;II;1420;1;Art. 142 p.1;;;;;;4;1;;;;;2;0,5;;;;;200;30;;;3;1;;;;1;
2001;II;1420;2;Art. 142 p.2;;5;1;;;5;1;;;;;;;;;;;;;;;3;1;;;;2;
2001;II;1430;1;Art. 143 p.1;;;;;;3;1;;;;;2;0,5;;;;;50;30;;;3;1;;;;1;
2001;II;1430;2;Art. 143 p.2;;3;1;;;3;1;;;;;;;;;;;;;;;3;1;;;;2;
2001;II;1430;3;Art. 143 p.3;;5;1;;;5;1;;;;;;;;;;;;;;;3;1;;;;2;
2001;II;1430;4;Art. 143 p.4;;5;1;;;5;1;;;;;;;;;;;;;;;;;;;;2;
2001;II;1430;5;Art. 143 p.5;;7;5;;;;;;;;;;;;;;;;;;;3;1;;;;3;
2001;II;1440;1;Art. 144 p.1;;;;;;2;1;;;;;2;0,5;;;3;2;;;;;;;;50;30;1;
2001;II;1440;2;Art. 144 p.2;;3;1;;;5;1;;;;;;;;;;;;;;;3;1;;;;2;
2001;II;1440;3;Art. 144 p.3;;5;1;;;;;;;;;;;;;;;;;;;3;1;;;;2;
2001;II;1450;1;Art. 145 p.1;;;;;;;;;;;;2;0,5;240;60;3;2;50;30;;;;;;;;1;
2001;III;1460;1;Art. 146 p.1;;3;1;;;3;1;;;;;;;;;;;;;;;;;;;;2;
2001;III;1460;2;Art. 146 p.2;;5;1;;;5;1;;;;;;;;;;;;;;;;;;;;2;
2001;III;1460;3;Art. 146 p.3;;10;5;;;;;;;;;;;;;;;;;;;;;;;;3;
2001;III;1470;1;Art. 147 p.1;;8;5;;;;;;;;;;;;;;;;;;;;;;;;3;
2001;III;1470;2;Art. 147 p.2;;15;7;;;;;;;;;;;;;;;;;;;;;;;;4;
2001;III;1480;1;Art. 148 p.1;;5;1;;;5;1;;;;;;;;;;;;;;;;;;;;2;
2001;III;1490;1;Art. 149 p.1;;8;3;;;;;;;;;;;;;;;;;;;;;;;;3;
2001;III;1490;2;Art. 149 p.2;;15;5;;;;;;;;;;;;;;;;;1;;;;;;;4;
2001;III;1490;3;Art. 149 p.3;;15;8;;;;;;;;;;;;;;;;;1;;;;;;;4;
2001;III;1500;1;Art. 150 p.1;;;;;;3;1;6;1;;;;;;;;;;;;;3;1;;;;1;
2001;III;1500;2;Art. 150 p.2;;5;2;;;;;;;;;;;;;;;;;;;3;1;;;;2;
2001;III;1510;1;Art. 151 p.1;;;;;;2;1;6;1;;;;;;;;;;;;;3;1;;;;1;
2001;III;1510;2;Art. 151 p.2;;5;2;;;;;;;;;;;;;;;;;;;3;1;;;;2;
2001;IV;1520;1;Art. 152 p.1;;5;3;;;;;;;;;;;;;;;;;;;;;;;;2;
2001;IV;1520;2;Art. 152 p.2;;10;5;;;;;;;;;;;;;;;;;;;;;;;;3;
2001;IV;1520;3;Art. 152 p.3;;12;7;;;;;;;;;;;;;;;;;;;;;;;;4;
2001;IV;1520;4;Art. 152 p.4;;15;8;;;;;;;;;;;;;;;;;;;;;;;;4;
2001;IV;1530;1;Art. 153 p.1;;5;1;;;;;;;;;;;;;;;;;;;;;;;;2;
2001;IV;1530;2;Art. 153 p.2;;7;3;;;;;;;;;;;;;;;;;;;;;;;;3;
2001;IV;1530;3;Art. 153 p.3;;12;8;;;;;;;;;;;;;;;;;;;;;;;;4;
2001;IV;1540;1;Art. 154 p.1;;;;;;;;6;1;;;;;;;;;50;30;;;;;;;;1;
2001;IV;1540;2;Art. 154 p.2;;;;;;3;1;6;1;;;;;;;;;;;;;;;;;;1;
2001;IV;1550;1;Art. 155 p.1;;3;1;;;3;1;;;;;;;;;;;;;;;;;;;;2;
2001;IV;1550;2;Art. 155 p.2;;5;3;;;;;;;;;;;;;;;;;;;;;;;;2;
2001;IV;1560;1;Art. 156 p.1;;;;;;3;1;6;1;;;;;;;;;;;;;;;;;;1;
2001;IV;1560;2;Art. 156 p.2;;3;1;;;5;1;;;;;;;;;;;;;;;;;;;;2;
2001;V;1570;1;Art. 157 p.1;;4;2;;;5;3;;;;;;;;;;;;;;;;;;;;2;
2001;V;1570;2;Art. 157 p.2;;5;3;;;;;;;;;;;;;;;;;;;;;;;;2;
2001;V;1570;3;Art. 157 p.3;;12;7;;;;;;;;;;;;;;;;;;;;;;;;4;
2001;V;1580;1;Art. 158 p.1;;3;1;;;5;3;;;;;;;;;;;;;;;;;;;;2;
2001;V;1580;2;Art. 158 p.2;;5;3;;;;;;;;;;;;;;;;;;;;;;;;2;
2001;V;1580;3;Art. 158 p.3;;8;5;;;;;;;;;;;;;;;;;;;3;1;;;;3;
2001;V;1590;1;Art. 159 p.1;;3;1;;;;;;;;;;;;;;;1000;500;;;3;1;;;;2;
2001;V;1600;1;Art. 160 p.1;;3;1;;;;;;;;;2;0,5;;;;;50;30;;;;;;;;2;
2001;V;1600;2;Art. 160 p.2;;5;1;;;;;;;;;2;0,5;;;;;50;30;;;;;;;;2;
2001;V;1600;3;Art. 160 p.3;;5;1;;;;;;;;;2;0,5;;;;;50;30;;;;;;;;2;
2001;V;1610;1;Art. 161 p.1;;;;;;5;1;;;;;2;0,5;;;;;50;30;;;3;1;;;;1;
2001;V;1610;2;Art. 161 p.2;;5;1;;;;;;;;;2;0,5;;;;;;;;;;;;;;2;
2001;V;1610;3;Art. 161 p.3;;5;2;;;;;;;;;;;;;;;;;;;;;;;;2;
2001;V;1620;1;Art. 162 p.1;;;;;;3;1;;;;;2;0,5;;;;;100;50;;;;;;;;1;
2001;V;1620;2;Art. 162 p.2;;5;2;;;;;;;;;;;;;;;;;;;;;;;;2;
2001;V;1630;1;Art. 163 p.1;;;;;;3;1;;;;;2;0,5;;;;;100;50;;;;;;;;1;
2001;V;1630;2;Art. 163 p.2;;7;3;;;;;;;;;;;;;;;;;;;;;;;;3;
2001;V;1640;1;Art. 164 p.1;;;;;;1;1;;;;;1;0,5;;;;;;;;;;;;;;1;
2001;V;1640;2;Art. 164 p.2;;;;;;3;1;;;;;2;0,5;;;;;;;;;;;;;;1;
2001;V;1650;1;Art. 165 p.1;;;;;;;;;;;;1;0,5;;;;;50;30;;;;;;;;1;
2001;V;1650;2;Art. 165 p.2;;;;;;2;1;;;;;2;0,5;;;;;;;;;;;;;;1;
2001;V;1660;1;Art. 166 p.1;;5;2;;;5;2;;;;;;;;;;;;;;;;;;;;2;
2001;V;1670;1;Art. 167 p.1;;;;;;;;;;;;2;0,5;;;;;50;30;;;;;;;;1;
2001;V;1680;1;Art. 168 p.1;;;;;;;;;;;;2;0,5;;;;;50;30;;;;;;;;1;
2001;V;1680;2;Art. 168 p.2;;3;1;;;3;1;;;;;;;;;;;200;30;;;3;1;;;;2;
2001;V;1690;1;Art. 169 p.1;;;;;;;;;;;;2;0,5;;;;;120;50;;;;;;;;1;
2001;V;1690;2;Art. 169 p.2;;5;2;;;;;;;;;;;;;;;;;;;;;;;;2;
2001;V;1700;1;Art. 170 p.1;;3;1;;;;;;;;;2;0,5;;;;;;;;;3;1;;;;2;
2001;V;1710;1;Art. 171 p.1;;;;;;3;1;6;1;;;;;;;;;50;30;;;;;;;;1;
2001;V;1710;2;Art. 171 p.2;;;;;;5;1;;;;;;;;;3;2;200;30;;;;;;;;1;
2001;V;1720;1;Art. 172 p.1;;;;;;;;;;;;2;0,5;;;3;2;50;30;;;;;;;;1;
2001;V;1720;2;Art. 172 p.2;;;;;;;;6;1;;;2;0,5;;;5;2;100;50;;;;;;;;1;
2001;V;1730;1;Art. 173 p.1;;;;;;2;1;6;1;;;;;;;5;2;50;30;;;;;;;;1;
2001;V;1730;2;Art. 173 p.2;;;;;;3;1;;;;;;;;;;;100;50;;;;;;;;1;
2001;V;1740;1;Art. 174 p.1;;;;;;3;1;6;1;;;;;;;;;50;30;;;;;;;;1;
2001;V;1750;1;Art. 175 p.1;;2;1;;;;;;;;;2;0,5;;;5;2;300;100;;;;;;;;1;
2001;V;1750;2;Art. 175 p.2;;3;1;;;5;1;;;;;;;;;;;1000;500;;;;;;;;2;
2001;V;1760;1;Art. 176 p.1;;;;;;;;;;;;2;0,5;;;;;400;100;1;;;;;;;1;
2001;V;1760;2;Art. 176 p.2;;2;1;;;;;;;;;2;0,5;;;;;800;200;1;;;;;;;1;
2001;V;1760;3;Art. 176 p.3;;;;;;2;1;6;1;;;;;;;;;1000;500;;;3;1;;;;1;
2001;V;1770;1;Art. 177 p.1;;;;;;;;;;;;2;0,5;;;;;400;100;1;;;;;;;1;
2001;V;1770;2;Art. 177 p.2;;2;1;;;;;;;;;2;0,5;;;;;800;200;1;;;;;;;1;
2001;V;1780;1;Art. 178 p.1;;3;1;;;;;;;;;;;;;;;300;30;;;;;;;;2;
2001;V;1790;1;Art. 179 p.1;;3;1;;;;;;;;;;;;;;;200;30;;;;;;;;2;
2001;V;1800;1;Art. 180 p.1;;;;;;2;1;6;1;;;;;;;;;50;30;;;;;;;;1;
2001;V;1800;2;Art. 180 p.2;;;;;;;;6;1;;;;;;;;;50;30;;;;;;;;1;
2001;V;1810;1;Art. 181 p.1;;3;1;;;3;1;;;;;;;;;;;;;;;;;;;;2;
2001;V;1810;2;Art. 181 p.2;;5;3;;;;;;;;;;;;;;;;;;;;;;;;2;
2001;V;1820;1;Art. 182 p.1;;;;;;3;1;6;1;;;2;0,5;;;;;50;30;;;;;;;;1;
2001;V;1830;1;Art. 183 p.1;;;;;;;;;;;;;;;;;;1000;30;;;3;1;;;;1;
2001;V;1830;2;Art. 183 p.2;;3;1;;;;;;;;;;;;;;;1000;30;;;3;1;;;;2;
2001;V;1840;1;Art. 184 p.1;;;;;;;;6;1;;;;;;;;;100;30;;;;;;;;1;
2001;V;1840;2;Art. 184 p.2;;;;;;;;;;;;2;0,5;;;;;1000;30;;;;;;;;1;
2001;VI;1850;1;Art. 185 p.1;;3;1;;;;;;;;;2;0,5;;;;;50;30;;;;;;;;2;
2001;VI;1850;2;Art. 185 p.2;;5;1;;;5;1;;;;;;;;;;;;;;;;;;;;2;
2001;VI;1850;3;Art. 185 p.3;;6;3;;;;;;;;;;;;;;;;;;;;;;;;3;
2001;VI;1850;4;Art. 185 p.4;;8;5;;;;;;;;;;;;;;;;;;;;;;;;3;
2001;VI;1850;5;Art. 185 p.5;;12;7;;;;;;;;;;;;;;;;;1;;;;;;;4;
2001;VI;1860;1;Art. 186 p.1;;4;1;;;;;;;;;2;0,5;;;;;100;50;;;;;;;;2;
2001;VI;1860;2;Art. 186 p.2;;6;4;;;;;;;;;;;;;;;;;;;;;;;;3;
2001;VI;1860;3;Art. 186 p.3;;8;4;;;;;;;;;;;;;;;;;;;;;;;;3;
2001;VI;1860;4;Art. 186 p.4;;10;7;;;;;;;;;;;;;;;;;;;;;;;;3;
2001;VI;1860;5;Art. 186 p.5;;13;8;;;;;;;;;;;;;;;;;1;;;;;;;4;
2001;VI;1870;1;Art. 187 p.1;;7;3;;;;;;;;;;;;;;;;;;;;;;;;3;
2001;VI;1870;2;Art. 187 p.2;;10;7;;;;;;;;;;;;;;;;;1;;;;;;;3;
2001;VI;1870;3;Art. 187 p.3;;12;7;;;;;;;;;;;;;;;;;1;;;;;;;4;
2001;VI;1870;4;Art. 187 p.4;;15;8;;;;;;;;;;;;;;;;;1;;;;;;;4;
2001;VI;1880;1;Art. 188 p.1;;3;1;;;;;;;;;;;;;;;500;100;;;;;;;;2;
2001;VI;1880;2;Art. 188 p.2;;10;5;;;;;;;;;;;;;;;;;;;;;;;;3;
2001;VI;1880;3;Art. 188 p.3;;15;8;;;;;;;;;;;;;;;;;1;;;;;;;4;
2001;VI;1890;1;Art. 189 p.1;;5;1;;;5;1;;;;;;;;;;;;;;;;;;;;2;
2001;VI;1890;2;Art. 189 p.2;;7;3;;;;;;;;;;;;;;;;;;;;;;;;3;
2001;VI;1890;3;Art. 189 p.3;;10;5;;;;;;;;;;;;;;;;;1;;;;;;;3;
2001;VI;1890;4;Art. 189 p.4;;12;7;;;;;;;;;;;;;;;;;1;;;;;;;4;
2001;VI;1900;1;Art. 190 p.1;;;;;;3;1;;;;;2;0,5;;;;;50;30;;;;;;;;1;
2001;VI;1900;2;Art. 190 p.2;;3;1;;;5;1;;;;;2;1;;;;;100;50;;;;;;;;2;
2001;VI;1900;3;Art. 190 p.3;;8;3;;;;;;;;;;;;;;;;;;;;;;;;3;
2001;VI;1900;4;Art. 190 p.4;;12;5;;;;;;;;;;;;;;;;;1;;;;;;;4;
2001;VI;1910;1;Art. 191 p.1;;4;1;;;4;1;;;;;2;0,5;;;;;50;30;;;3;1;;;;2;
2001;VI;1910;2;Art. 191 p.2;;5;1;;;5;1;;;;;;;;;;;;;;;3;1;;;;2;
2001;VI;1910;3;Art. 191 p.3;;8;3;;;5;3;;;;;;;;;;;;;;;3;1;;;;3;
2001;VI;1910;4;Art. 191 p.4;;8;5;;;;;;;;;;;;;;;;;;;3;1;;;;3;
2001;VI;1910;5;Art. 191 p.5;;12;7;;;;;;;;;;;;;;;;;1;;3;1;;;;4;
2001;VI;1920;1;Art. 192 p.1;;;;;;;;6;1;;;2;0,5;;;;;50;30;;;;;;;;1;
2001;VI;1920;2;Art. 192 p.2;;;;;;3;1;;;;;;;;;;;100;50;;;;;;;;1;
2001;VI;1930;1;Art. 193 p.1;;;;;;;;6;1;;;2;0,5;;;;;50;30;;;;;;;;1;
2001;VI;1940;1;Art. 194 p.1;;3;1;;;;;;;;;2;0,5;;;;;50;30;;;;;;;;2;
2001;VI;1940;2;Art. 194 p.2;;15;3;;;;;;;;;;;;;;;;;;;;;;;;4;
2001;VI;1950;1;Art. 195 p.1;;;;;;;;6;1;;;1;0,5;;;;;50;30;;;;;;;;1;
2001;VI;1960;1;Art. 196 p.1;;3;1;;;4;1;;;;;2;0,5;;;;;;;;;;;;;;2;
2001;VI;1970;1;Art. 197 p.1;;;;;;2;1;;;;;2;1;;;;;50;30;;;;;;;;1;
2001;VI;1980;1;Art. 198 p.1;;3;1;;;3;1;6;1;;;;;;;;;;;;;;;;;;2;
2001;VII;1990;1;Art. 199 p.1;;7;3;;;;;;;;;;;;;;;;;;;;;;;;3;
2001;VII;1990;2;Art. 199 p.2;;10;5;;;;;;;;;;;;;;;;;;;;;;;;3;
2001;VII;1990;3;Art. 199 p.3;;12;8;;;;;;;;;;;;;;;;;1;;;;;;;4;
2001;VII;2000;1;Art. 200 p.1;;3;1;;;;;;;;;;;;;;;1000;500;;;;;;;;2;
2001;VII;2000;2;Art. 200 p.2;;5;2;;;;;;;;;;;;;;;;;;;;;;;;2;
2001;VII;2010;1;Art. 201 p.1;;7;3;;;;;;;;;;;;;;;;;;;;;;;;3;
2001;VII;2010;2;Art. 201 p.2;;12;5;;;;;;;;;;;;;;;;;1;;;;;;;4;
2001;VII;2020;1;Art. 202 p.1;;;;;;2;1;;;;;2;0,5;;;;;250;100;;;;;;;;1;
2001;VII;2020;2;Art. 202 p.2;;;;;;3;1;;;;;;;;;;;500;200;;;;;;;;1;
2001;VII;2030;1;Art. 203 p.1;;;;;;;;;;;;;;;;;;100;50;;;3;1;;;;1;
2001;VII;2030;2;Art. 203 p.2;;;;;;5;1;;;;;;;;;;;;;;;3;1;;;;1;
2001;VII;2040;1;Art. 204 p.1;;;;;;3;1;;;;;;;;;;;1000;500;;;;;;;;1;
2001;VII;2040;2;Art. 204 p.2;;5;3;;;;;;;;;;;;;;;2000;1000;;;;;;;;2;
2001;VII;2040;3;Art. 204 p.3;;10;5;;;;;;;;;;;;;;;;;;;;;;;;3;
2001;VII;2050;1;Art. 205 p.1;;;;;;3;1;;;;;;;;;;;500;300;;;;;;;;1;
2001;VII;2050;2;Art. 205 p.2;;5;3;;;;;;;;;;;;;;;;;;;;;;;;2;
2001;VII;2060;1;Art. 206 p.1;;;;;;3;1;;;;;2;0,5;;;;;;;;;;;;;;1;
2001;VII;2060;2;Art. 206 p.2;;5;3;;;;;;;;;;;;;;;;;;;;;;;;2;
2001;VII;2060;3;Art. 206 p.3;;10;5;;;;;;;;;;;;;;;;;;;;;;;;3;
2001;VII;2070;1;Art. 207 p.1;;;;;;3;1;;;;;2;0,5;;;;;1000;600;;;;;;;;1;
2001;VII;2070;2;Art. 207 p.2;;3;1;;;5;3;;;;;;;;;;;;;;;;;;;;2;
2001;VII;2070;3;Art. 207 p.3;;7;3;;;;;;;;;;;;;;;;;;;;;;;;3;
2001;VII;2080;1;Art. 208 p.1;;;;;;4;2;;;;;2;0,5;;;;;1000;500;;;;;;;;1;
2001;VII;2080;2;Art. 208 p.2;;5;3;;;;;;;;;;;;;;;;;;;3;1;;;;2;
2001;VII;2090;1;Art. 209 p.1;;3;1;;;5;3;;;;;;;;;;;3000;500;1;;;;;;;2;
2001;VII;2090;2;Art. 209 p.2;;12;5;;;;;;;;;;;;;;;;;1;;;;;;;4;
2001;VII;2100;1;Art. 210 p.1;;;;;;3;1;;;;;2;0,5;;;;;100;300;;;3;1;;;;1;
2001;VII;2100;2;Art. 210 p.2;;8;2;;;5;2;;;;;;;;;;;;;;;3;1;;;;3;
2001;VII;2110;1;Art. 211 p.1;;4;1;;;5;1;;;;;2;0,5;;;;;400;100;;;3;1;;;;2;
2001;VII;2110;2;Art. 211 p.2;;10;3;;;;;;;;;;;;;;;;;;;3;1;;;;3;
2001;VII;2120;1;Art. 212 p.1;;;;;;;;;;;;;;;;3;2;500;300;;;;;;;;1;
2001;VII;2120;2;Art. 212 p.2;;;;;;5;1;;;;;2;0,5;;;;;2000;500;;;3;1;;;;1;
2001;VII;2120;3;Art. 212 p.3;;10;5;;;;;;;;;;;;;;;;;1;;3;1;;;;3;
2001;VII;2130;1;Art. 213 p.1;;;;;;;;;;;;;;200;100;;;500;100;;;;;;;;1;
2001;VII;2130;2;Art. 213 p.2;;;;;;3;1;;;;;;;;;;;1000;500;;;;;;;;1;
2001;VII;2140;1;Art. 214 p.1;;;;;;2;1;;;;;;;;;;;1000;300;;;;;;;;1;
2001;VII;2150;1;Art. 215 p.1;;;;;;3;1;;;;;2;0,5;;;;;50;30;;;;;;;;1;
2001;VII;2160;1;Art. 216 p.1;;;;;;4;1;;;;;;;;;;;300;100;;;;;;;;1;
2001;VII;2160;2;Art. 216 p.2;;5;3;;;;;;;;;;;;;;;1000;300;;;;;;;;2;
2001;VII;2170;1;Art. 217 p.1;;;;;;2;1;;;;;;;;;;;300;100;;;;;;;;1;
2001;VII;2170;2;Art. 217 p.2;;;;;;5;3;;;;;;;;;;;1000;300;;;;;;;;1;
2001;VII;2180;1;Art. 218 p.1;;;;;;3;1;;;;;;;;;;;2000;750;;;;;;;;1;
2001;VII;2190;1;Art. 219 p.1;;;;;;3;1;;;;;;;;;;;800;500;;;3;1;;;;1;
2001;VII;2200;1;Art. 220 p.1;;;;;;2;1;;;;;;;;;;;3000;2000;;;3;1;;;;1;
2001;VII;2210;1;Art. 221 p.1;;;;;;;;3;1;;;;;;;;;500;100;;;3;1;;;;1;
2001;VII;2220;1;Art. 222 p.1;;;;;;3;1;;;;;;;;;;;1000;500;;;3;1;;;;1;
2001;VII;2220;2;Art. 222 p.2;;5;2;;;;;;;;;;;;;;;;;;;3;1;;;;2;
2001;VII;2230;1;Art. 223 p.1;;;;;;;;;;;;2;0,5;;;3;2;50;30;;;;;;;;1;
2001;VII;2230;2;Art. 223 p.2;;;;;;3;1;;;;;;;;;5;2;50;30;;;;;;;;1;
2001;VII;2240;1;Art. 224 p.1;;;;;;5;2;;;;;;;;;;;;;;;3;1;;;;1;
2001;VII;2240;2;Art. 224 p.2;;5;2;;;;;;;;;;;;;;;;;;;3;1;;;;2;
2001;VII;2240;3;Art. 224 p.3;;7;5;;;;;;;;;;;;;;;;;;;3;1;;;;3;
2001;VII;2250;1;Art. 225 p.1;;;;;;;;;;;;2;0,5;200;100;;;50;30;;;3;1;;;;1;
2001;VII;2250;2;Art. 225 p.2;;;;;;3;1;;;;;;;;;;;500;100;;;3;1;;;;1;
2001;VII;2260;1;Art. 226 p.1;;;;;;;;;;;;2;0,5;200;60;;;100;30;;;;;;;;1;
2001;VII;2260;2;Art. 226 p.2;;;;;;3;1;;;;;;;;;;;200;100;;;;;;;;1;
2001;VII;2270;1;Art. 227 p.1;;;;;;;;;;;;2;0,5;;;;;200;100;;;3;1;;;;1;
2001;VII;2280;1;Art. 228 p.1;;;;;;3;1;;;;;;;;;;;300;100;;;;;;;;1;
2001;VII;2280;2;Art. 228 p.2;;3;1;;;;;;;;;;;;;;;100;40;;;;;;;;2;
2001;VII;2280;3;Art. 228 p.3;;5;2;;;;;;;;;;;;;;;;;;;;;;;;2;
2001;VII;2290;1;Art. 229 p.1;;;;;;;;;;;;2;0,5;200;100;;;200;100;;;;;;;;1;
2001;VII;2300;1;Art. 230 p.1;;;;;;;;;;;;2;0,5;;;5;2;200;100;;;;;;;;1;
2001;VII;2310;1;Art. 231 p.1;;3;1;;;5;1;;;;;;;;;;;1000;200;;;;;;;;2;
2001;VII;2320;1;Art. 232 p.1;;2;1;;;;;;;;;2;0,5;;;;;500;200;;;3;1;;;;1;
2001;VII;2330;1;Art. 233 p.1;;5;3;;;;;;;;;;;;;;;;;;;;;;;;2;
2001;VII;2330;2;Art. 233 p.2;;12;5;;;;;;;;;;;;;;;;;1;;;;;;;4;
2001;VII;2340;1;Art. 234 p.1;;;;;;2;1;;;;;2;0,5;;;;;500;100;;;;;;;;1;
2001;VII;2340;2;Art. 234 p.2;;5;2;;;;;;;;;;;;;;;;;;;;;;;;2;
2001;VII;2340;3;Art. 234 p.3;;7;3;;;;;;;;;;;;;;;;;;;;;;;;3;
2001;VII;2350;1;Art. 235 p.1;;;;;;;;;;;;2;0,5;;;;;400;100;;;;;;;;1;
2001;VIII;2360;1;Art. 236 p.1;;10;5;;;;;;;;;;;;;;;;;;;3;1;;;;3;
2001;VIII;2370;1;Art. 237 p.1;;5;1;;;5;1;;;;;;;;;;;;;;;3;1;;;;2;
2001;VIII;2380;1;Art. 238 p.1;;;;;;3;1;;;;;;;;;3;2;100;30;;;;;;;;1;
2001;VIII;2380;2;Art. 238 p.2;;5;2;;;5;2;;;;;;;;;;;;;;;3;1;;;;2;
2001;VIII;2390;1;Art. 239 p.1;;;;;;;;;;;;;;;;3;2;200;30;;;;;;;;1;
2001;VIII;2390;2;Art. 239 p.2;;5;2;;;5;2;;;;;;;;;3;2;;;;;;;;;;2;
2001;VIII;2400;1;Art. 240 p.1;;;;;;2;1;;;;;;;;;;;50;30;;;;;;;;1;
2001;VIII;2400;2;Art. 240 p.2;;5;2;;;5;2;;;;;;;;;;;;;;;;;;;;2;
2001;VIII;2410;1;Art. 241 p.1;;;;;;3;1;;;;;;;;;;;200;100;;;3;1;;;;1;
2001;VIII;2410;2;Art. 241 p.2;;5;2;;;5;2;;;;;;;;;;;;;;;3;1;;;;2;
2001;VIII;2420;1;Art. 242 p.1;;5;1;;;;;;;;;;;;;5;2;200;100;;;;;;;;2;
2001;VIII;2420;2;Art. 242 p.2;;5;1;;;5;1;;;;;;;;;;;;;;;;;;;;2;
2001;VIII;2430;1;Art. 243 p.1;;3;1;;;3;1;;;;;;;;;;;800;300;;;3;1;;;;2;
2001;VIII;2430;2;Art. 243 p.2;;5;2;;;;;;;;;;;;;;;;;;;3;1;;;;2;
2001;VIII;2430;3;Art. 243 p.3;;;;;;3;1;;;;;;;;;5;2;200;100;;;;;;;;1;
2001;VIII;2440;1;Art. 244 p.1;;2;1;;;3;1;;;;;;;;;;;200;100;;;;;;;;1;
2001;VIII;2440;2;Art. 244 p.2;;;;;;;;6;1;;;;;;;;;100;50;;;;;;;;1;
2001;VIII;2450;1;Art. 245 p.1;;5;2;;;5;2;;;;;;;;;;;;;;;;;;;;2;
2001;VIII;2450;2;Art. 245 p.2;;10;5;;;;;;;;;;;;;;;;;;;;;;;;3;
2001;VIII;2460;1;Art. 246 p.1;;3;1;;;3;1;6;1;;;;;;;;;100;50;;;;;;;;2;
2001;VIII;2470;1;Art. 247 p.1;;;;;;2;1;;;;;;;;;;;100;30;;;;;;;;1;
2001;VIII;2480;1;Art. 248 p.1;;;;;;3;1;;;;;;;;;;;100;30;;;;;;;;1;
2001;VIII;2480;2;Art. 248 p.2;;5;1;;;5;1;;;;;;;;;;;200;100;;;;;;;;2;
2001;VIII;2490;1;Art. 249 p.1;;;;;;3;1;;;;;;;;;;;100;30;;;;;;;;1;
2001;VIII;2490;2;Art. 249 p.2;;3;1;;;3;1;;;;;;;;;;;200;100;;;;;;;;2;
2001;VIII;2500;1;Art. 250 p.1;;5;2;;;5;2;6;1;;;;;;;;;50;30;;;;;;;;2;
2001;VIII;2510;1;Art. 251 p.1;;3;1;;;3;1;;;;;;;;;5;2;200;100;;;;;;;;2;
2001;VIII;2520;1;Art. 252 p.1;;;;;;3;1;;;;;;;;;;;200;100;;;;;;;;1;
2001;VIII;2520;2;Art. 252 p.2;;12;5;;;;;;;;;;;;;;;;;;;;;;;;4;
2001;VIII;2530;1;Art. 253 p.1;;3;1;;;;;;;;;;;;;3;2;;;;;;;;;;2;
2001;VIII;2530;2;Art. 253 p.2;;5;1;;;5;3;;;;;;;;;;;;;;;;;;;;2;
2001;VIII;2540;1;Art. 254 p.1;;2;1;;;2;1;;;;;;;;;3;2;250;30;;;;;;;;1;
2001;IX;2550;1;Art. 255 p.1;;12;5;;;;;;;;;;;;;;;;;;;;;;;;4;
2001;IX;2560;1;Art. 256 p.1;;5;3;;;;;;;;;;;;;;;;;;;;;;;;2;
2001;IX;2560;2;Art. 256 p.2;;10;5;;;;;;;;;;;;;;;;;;;3;1;;;;3;
2001;IX;2570;1;Art. 257 p.1;;15;5;;;;;;;;;;;;;;;;;1;;;;;;;4;
2001;IX;2580;1;Art. 258 p.1;;10;5;;;;;;;;;;;;;;;;;;;;;;;;3;
2001;IX;2580;2;Art. 258 p.2;;12;7;;;;;;;;;;;;;;;;;;;;;;;;4;
2001;IX;2580;3;Art. 258 p.3;1;15;10;;;;;;;;;;;;;;;;;;;;;;;;4;
2001;IX;2580;4;Art. 258 p.4;;15;8;;;;;;;;;;;;;;;;;;;;;;;;4;
2001;IX;2590;1;Art. 259 p.1;;;;;;3;1;6;1;;;;;;;;;100;50;;;;;;;;1;
2001;IX;2590;2;Art. 259 p.2;;5;2;;;;;;;;;;;;;;;;;;;;;;;;2;
2001;IX;2600;1;Art. 260 p.1;;5;2;;;;;;;;;;;;;;;;;;;;;;;;2;
2001;IX;2600;2;Art. 260 p.2;;8;3;;;;;;;;;;;;;;;;;;;;;;;;3;
2001;IX;2600;3;Art. 260 p.3;;10;5;;;;;;;;;;;;;;;;;;;;;;;;3;
2001;IX;2600;4;Art. 260 p.4;;12;7;;;;;;;;;;;;;;;;;;;;;;;;4;
2001;IX;2600;5;Art. 260 p.5;;15;10;;;;;;;;;;;;;;;;;;;;;;;;4;
2001;IX;2610;1;Art. 261 p.1;;12;5;;;;;;;;;;;;;;;;;;;;;;;;4;
2001;IX;2620;1;Art. 262 p.1;;7;3;;;;;;;;;;;;;;;;;;;;;;;;3;
2001;IX;2620;2;Art. 262 p.2;;10;5;;;;;;;;;;;;;;;;;;;;;;;;3;
2001;IX;2620;3;Art. 262 p.3;;15;10;;;;;;;;;;;;;;;;;1;;;;;;;4;
2001;IX;2630;1;Art. 263 p.1;;5;2;;;;;;;;;;;;;;;;;;;;;;;;2;
2001;IX;2630;2;Art. 263 p.2;;3;1;;;5;2;;;;;;;;;;;50;30;;;;;;;;2;
2001;IX;2640;1;Art. 264 p.1;;3;1;;;3;1;;;;;;;;;;;;;;;;;;;;2;
2001;IX;2650;1;Art. 265 p.1;;5;2;;;;;;;;;;;;;;;;;;;;;;;;2;
2001;IX;2650;2;Art. 265 p.2;;10;5;;;;;;;;;;;;;;;;;;;;;;;;3;
2001;IX;2660;1;Art. 266 p.1;;3;1;;;;;;;;;;;;;;;;;;;;;;;;2;
2001;IX;2660;2;Art. 266 p.2;;5;1;;;;;;;;;;;;;;;;;;;;;;;;2;
2001;IX;2670;1;Art. 267 p.1;;3;1;;;3;1;;;;;2;0,5;;;;;50;30;;;;;;;;2;
2001;IX;2670;2;Art. 267 p.2;;12;3;;;;;;;;;;;;;;;;;;;;;;;;4;
2001;IX;2680;1;Art. 268 p.1;;;;;;3;1;;;;;;;;;;;100;30;;;;;;;;1;
2001;IX;2680;2;Art. 268 p.2;;3;1;;;;;;;;;;;;;;;200;50;;;;;;;;2;
2001;IX;2690;1;Art. 269 p.1;;;;;;;;;;;;2;0,5;;;;;50;30;;;;;;;;1;
2001;IX;2690;2;Art. 269 p.2;;10;3;;;;;;;;;;;;;;;;;;;;;;;;3;
2001;IX;2700;1;Art. 270 p.1;;;;;;3;1;;;;;2;0,5;;;;;120;50;;;;;;;;1;
2001;IX;2700;2;Art. 270 p.2;;8;3;;;;;;;;;;;;;;;;;;;;;;;;3;
2001;X;2710;1;Art. 271 p.1;;;;;;2;1;;;;;2;0,5;;;;;50;30;;;;;;;;1;
2001;X;2710;2;Art. 271 p.2;;7;1;;;5;1;;;;;2;0,5;;;;;;;;;2;1;;;;3;
2001;X;2720;1;Art. 272 p.1;;;;;;3;1;;;;;2;0,5;;;;;50;30;;;3;1;;;;1;
2001;X;2720;2;Art. 272 p.2;;8;1;;;5;1;;;;;;;;;;;;;;;3;1;;;;3;
2001;X;2730;1;Art. 273 p.1;;3;1;;;3;1;;;;;2;0,5;;;;;;;;;3;1;;;;2;
2001;X;2730;2;Art. 273 p.2;;10;2;;;5;1;;;;;;;;;;;;;;;3;1;;;;3;
2001;X;2740;1;Art. 274 p.1;;4;1;;;4;1;;;;;;;;;;;;;;;3;1;;;;2;
2001;X;2740;2;Art. 274 p.2;;12;3;;;;;;;;;;;;;;;;;;;3;1;;;;4;
2001;X;2750;1;Art. 275 p.1;;;;;;3;1;;;;;2;0,5;;;;;50;30;;;2;1;;;;1;
2001;X;2750;2;Art. 275 p.2;;5;2;;;5;1;;;;;2;0,5;;;;;;;;;3;1;;;;2;
2001;XI;2760;1;Art. 276 p.1;;;;;;3;1;;;;;2;0,5;;;;;;;;;;;;;;1;
2001;XI;2760;2;Art. 276 p.2;;7;2;;;;;;;;;;;;;;;;;;;;;;;;3;
2001;XI;2760;3;Art. 276 p.3;;12;7;;;;;;;;;;;;;;;;;;;;;;;;4;
2001;XI;2770;1;Art. 277 p.1;;3;1;;;;;;;;;2;0,5;;;;;100;30;;;;;;;;2;
2001;XI;2770;2;Art. 277 p.2;;3;8;;;;;;;;;;;;;;;;;;;;;;;;2;
2001;XI;2770;3;Art. 277 p.3;;12;7;;;;;;;;;;;;;;;;;;;;;;;;4;
2001;XI;2780;1;Art. 278 p.1;;6;3;;;;;;;;;;;;;;;;;;;;;;;;3;
2001;XI;2780;2;Art. 278 p.2;;8;5;;;;;;;;;;;;;;;;;;;;;;;;3;
2001;XI;2780;3;Art. 278 p.3;;15;7;;;;;;;;;;;;;;;;;;;;;;;;4;
2001;XI;2790;1;Art. 279 p.1;;;;;;3;1;6;1;;;2;0,5;;;;;50;30;;;;;;;;1;
2001;XI;2790;2;Art. 279 p.2;;5;2;;;;;;;;;;;;;;;;;;;;;;;;2;
2001;XI;2790;3;Art. 279 p.3;;12;5;;;;;;;;;;;;;;;;;;;;;;;;4;
2001;XI;2800;1;Art. 280 p.1;;;;;;3;1;6;1;;;2;0,5;;;;;50;30;;;;;;;;1;
2001;XI;2800;2;Art. 280 p.2;;5;1;;;5;1;;;;;;;;;;;;;;;;;;;;2;
2001;XI;2800;3;Art. 280 p.3;;12;5;;;;;;;;;;;;;;;;;;;;;;;;4;
2001;XI;2810;1;Art. 281 p.1;;;;;;3;1;6;1;;;;;;;;;100;30;;;;;;;;1;
2001;XI;2810;2;Art. 281 p.2;;5;2;;;;;;;;;;;;;;;;;;;;;;;;2;
2001;XI;2810;3;Art. 281 p.3;;12;5;;;;;;;;;;;;;;;;;;;;;;;;4;
2001;XI;2820;1;Art. 282 p.1;;;;;;5;1;;;;;2;0,5;;;;;100;30;;;;;;;;1;
2001;XI;2820;2;Art. 282 p.2;;5;2;;;;;;;;;;;;;;;;;;;;;;;;2;
2001;XI;2820;3;Art. 282 p.3;;12;5;;;;;;;;;;;;;;;;;;;;;;;;4;
2001;XI;2830;1;Art. 283 p.1;;;;;;3;1;6;1;;;2;0,5;;;;;50;30;;;;;;;;1;
2001;XI;2830;2;Art. 283 p.2;;10;5;;;;;;;;;;;;;;;;;;;;;;;;3;
2001;XI;2840;1;Art. 284 p.1;;;;;;2;1;6;1;;;2;0,5;;;;;100;30;;;;;;;;1;
2001;XI;2850;1;Art. 285 p.1;;;;;;;;6;1;;;2;0,5;;;;;50;30;;;;;;;;1;
2001;XI;2860;1;Art. 286 p.1;;;;;;3;1;6;1;;;2;0,5;;;;;100;30;;;3;1;;;;1;
2001;XI;2860;2;Art. 286 p.2;;8;3;;;;;;;;;;;;;;;;;;;3;1;;;;3;
2001;XI;2860;3;Art. 286 p.3;;12;7;;;;;;;;;;;;;;;;;;;3;1;;;;4;
2001;XI;2870;1;Art. 287 p.1;;;;;;5;1;;;;;2;1;;;;;100;30;;;3;1;;;;1;
2001;XI;2880;1;Art. 288 p.1;;5;1;;;5;1;;;;;2;0,5;;;;;100;30;;;;;;;;2;
2001;XI;2890;1;Art. 289 p.1;;5;3;;;;;;;;;;;;;;;1200;1000;;;;;;;;2;
2001;XI;2890;2;Art. 289 p.2;;10;5;;;;;;;;;;;;;;;;;;;;;;;;3;
2001;XI;2890;3;Art. 289 p.3;;15;10;;;;;;;;;;;;;;;;;1;;;;;;;4;
2001;XI;2900;1;Art. 290 p.1;;;;;;3;1;;;;;2;0,5;;;;;200;50;;;;;;;;1;
2001;XI;2910;1;Art. 291 p.1;;5;1;;;5;1;;;;;2;0,5;;;;;100;30;;;;;;;;2;
2001;XI;2920;1;Art. 292 p.1;;5;1;;;5;1;;;;;2;0,5;;;;;100;30;;;;;;;;2;
2001;XI;2920;2;Art. 292 p.2;;8;3;;;5;1;;;;;;;;;;;;;;;;;;;;3;
2001;XI;2920;3;Art. 292 p.3;;12;5;;;;;;;;;;;;;;;;;;;;;;;;4;
2001;XII;2930;1;Art. 293 p.1;;8;5;;;;;;;;;;;;;;;;;;;;;;;;3;
2001;XII;2940;1;Art. 294 p.1;;8;5;;;;;;;;;;;;;;;;;;;;;;;;3;
2001;XII;2940;2;Art. 294 p.2;;15;8;;;;;;;;;;;;;;;;;;;;;;;;4;
2001;XII;2950;1;Art. 295 p.1;;;;;;3;1;6;1;;;;;;;;;50;30;;;;;;;;1;
2001;XII;2960;1;Art. 296 p.1;;;;;;3;1;6;1;;;;;;;;;50;30;;;;;;;;1;
2001;XII;2960;2;Art. 296 p.2;;4;1;;;5;1;;;;;;;;;;;;;;;;;;;;2;
2001;XII;2960;3;Art. 296 p.3;;5;2;;;;;;;;;;;;;;;;;;;;;;;;2;
2001;XII;2960;4;Art. 296 p.4;;7;3;;;;;;;;;;;;;;;;;;;;;;;;3;
2001;XII;2970;1;Art. 297 p.1;;3;1;;;3;1;6;1;;;;;;;;;100;30;;;;;;;;2;
2001;XII;2980;1;Art. 298 p.1;;;;;;3;1;;;;;;;;;;;;;;;;;;100;30;1;
2001;XII;2980;2;Art. 298 p.2;;5;3;;;;;;;;;;;;;;;;;;;;;;;;2;
2001;XII;2980;3;Art. 298 p.3;;8;3;;;;;;;;;;;;;;;;;;;;;;;;3;
2001;XII;2990;1;Art. 299 p.1;;;;;;;;6;1;;;;;;;;;50;30;;;;;;;;1;
2001;XII;2990;2;Art. 299 p.2;;;;;;2;1;;;;;;;;;;;200;30;;;;;;;;1;
2001;XII;3000;1;Art. 300 p.1;;;;;;3;1;6;1;;;;;;;;;150;30;1;;;;;;;1;
2001;XII;3000;2;Art. 300 p.2;;;;;;5;1;;;;;;;;;;;300;100;1;;;;;;;1;
2001;XII;3000;3;Art. 300 p.3;;5;3;;;;;;;;;;;;;;;;;;;3;1;;;;2;
2001;XII;3010;1;Art. 301 p.1;;;;;;3;1;6;1;;;;;;;;;100;50;1;;;;;;;1;
2001;XII;3010;2;Art. 301 p.2;;5;1;;;5;1;;;;;;;;;;;300;100;1;;;;;;;2;
2001;XII;3010;3;Art. 301 p.3;;7;3;;;;;;;;;;;;;;;;;1;;3;1;;;;3;
2001;XII;3020;1;Art. 302 p.1;;;;;;2;1;;;;;;;;;;;50;30;;;;;;;;1;
2001;XII;3020;2;Art. 302 p.2;;5;1;;;5;1;;;;;;;;;;;;;;;;;;;;2;
2001;XII;3020;3;Art. 302 p.3;;7;2;;;;;;;;;;;;;;;;;;;;;;;;3;
2001;XII;3030;1;Art. 303 p.1;;;;;;;;;;;;;;120;60;;;500;50;;;;;;;;1;
2001;XII;3030;2;Art. 303 p.2;;3;1;;;;;6;1;;;;;;;;;1000;500;;;;;;;;2;
2001;XII;3030;3;Art. 303 p.3;;5;3;;;;;;;;;;;;;;;;;;;;;;;;2;
2001;XII;3030;4;Art. 303 p.4;;7;5;;;;;;;;;;;;;;;;;;;;;;;;3;
2001;XII;3040;1;Art. 304 p.1;;5;1;;;5;1;;;;;;;;;;;;;;;;;;;;2;
2001;XIII;3050;1;Art. 305 p.1;;8;3;;;;;;;;;;;;;;;;;1;;;;;;;3;
2001;XIII;3050;2;Art. 305 p.2;;10;5;;;;;;;;;;;;;;;;;1;;;;;;;3;
2001;XIII;3050;3;Art. 305 p.3;;12;8;;;;;;;;;;;;;;;;;1;;;;;;;4;
2001;XIII;3060;1;Art. 306 p.1;;12;5;;;;;;;;;;;;;;;;;1;;;;;;;4;
2001;XIII;3060;2;Art. 306 p.2;;15;8;;;;;;;;;;;;;;;;;;;3;1;;;;4;
2001;XIII;3070;1;Art. 307 p.1;;8;3;;;;;;;;;;;;;;;;;;;;;;;;3;
2001;XIII;3070;2;Art. 307 p.2;;10;5;;;;;;;;;;;;;;;;;1;;;;;;;3;
2001;XIII;3070;3;Art. 307 p.3;;12;8;;;;;;;;;;;;;;;;;1;;;;;;;4;
2001;XIII;3080;1;Art. 308 p.1;;6;3;;;;;;;;;;;;;;;;;;;;;;;;3;
2001;XIII;3080;2;Art. 308 p.2;;10;5;;;;;;;;;;;;;;;;;1;;3;1;;;;3;
2001;XIII;3080;3;Art. 308 p.3;;12;7;;;;;;;;;;;;;;;;;1;;;;;;;4;
2001;XIII;3090;1;Art. 309 p.1;;3;1;;;3;1;;;;;;;;;;;;;;;;;;;;2;
2001;XIII;3090;2;Art. 309 p.2;;5;2;;;;;;;;;;;;;;;;;;;;;;;;2;
2001;XIII;3090;3;Art. 309 p.3;;8;5;;;;;;;;;;;;;;;;;;;;;;;;3;
2001;XIII;3100;1;Art. 310 p.1;;;;;;3;1;6;1;;;;;;;;;50;30;;;;;;;;1;
2001;XIII;3100;2;Art. 310 p.2;;7;3;;;;;;;;;;;;;;;;;;;;;;;;3;
2001;XIII;3110;1;Art. 311 p.1;;;;;;3;1;;;;;;;;;;;50;30;;;;;;;;1;
2001;XIII;3110;2;Art. 311 p.2;;8;3;;;;;;;;;;;;;;;;;;;;;;;;3;
2001;XIII;3110;3;Art. 311 p.3;;12;6;;;;;;;;;;;;;;;;;1;;;;;;;4;
2001;XIII;3120;1;Art. 312 p.1;;3;1;;;;;;;;;;;;;;;70;30;;;;;;;;2;
2001;XIII;3120;2;Art. 312 p.2;;7;3;;;;;;;;;;;;;;;;;;;3;1;;;;3;
2001;XIII;3120;3;Art. 312 p.3;;12;5;;;;;;;;;;;;;;;;;1;;3;1;;;;4;
2001;XIII;3130;1;Art. 313 p.1;;;;;;3;1;;;;;;;;;;;200;50;;;;;;;;1;
2001;XIII;3130;2;Art. 313 p.2;;6;2;;;;;;;;;;;;;;;;;;;;;;;;3;
2001;XIII;3130;3;Art. 313 p.3;;12;5;;;;;;;;;;;;;;;;;1;;;;;;;4;
2001;XIII;3140;1;Art. 314 p.1;;5;2;;;;;;;;;;;;;;;;;;;;;;;;2;
2001;XIII;3140;2;Art. 314 p.2;;10;3;;;;;;;;;;;;;;;;;;;;;;;;3;
2001;XIII;3140;3;Art. 314 p.3;;12;5;;;;;;;;;;;;;;;;;;;;;;;;4;
2001;XIII;3150;1;Art. 315 p.1;;5;2;;;5;1;;;;;;;;;;;;;;;;;;;;2;
2001;XIII;3150;2;Art. 315 p.2;;12;5;;;;;;;;;;;;;;;;;;;;;;;;4;
2001;XIII;3160;1;Art. 316 p.1;;3;1;;;4;1;;;;;;;;;;;;;;;;;;;;2;
2001;XIII;3160;2;Art. 316 p.2;;5;3;;;;;;;;;;;;;;;;;;;;;;;;2;
2001;XIII;3170;1;Art. 317 p.1;;5;3;;;;;;;;;;;;;;;;;;;;;;;;2;
2001;XIII;3170;2;Art. 317 p.2;;12;5;;;;;;;;;;;;;;;;;1;;;;;;;4;
2001;XIII;3180;1;Art. 318 p.1;;;;;;3;1;;;;;;;;;;;50;30;;;;;;;;1;
2001;XIII;3180;2;Art. 318 p.2;;5;2;;;;;;;;;;;;;;;;;;;;;;;;2;
2001;XIII;3190;1;Art. 319 p.1;;;;;;3;1;;;;;;;;;;;50;30;;;3;1;;;;1;
2001;XIII;3190;2;Art. 319 p.2;;5;2;;;;;;;;;;;;;;;;;;;3;1;;;;2;
2001;XIII;3200;1;Art. 320 p.1;;3;1;;;4;1;;;;;;;;;;;50;30;;;3;1;;;;2;
2001;XIII;3200;2;Art. 320 p.2;;5;3;;;;;;;;;;;;;;;70;30;;;3;1;;;;2;
2001;XIII;3210;1;Art. 321 p.1;;3;1;;;;;;;;;;;;;;;50;30;;;;;;;;2;
2001;XIII;3210;2;Art. 321 p.2;;2;1;;;;;;;;;;;;;;;100;30;;;;;;;;1;
2001;XIII;3220;1;Art. 322 p.1;;3;1;;;;;;;;;;;;;;;100;50;;;;;;;;2;
2001;XIII;3230;1;Art. 323 p.1;;3;1;;;;;;;;;;;;;;;50;30;;;;;;;;2;
2001;XIII;3230;2;Art. 323 p.2;;2;1;;;;;;;;;;;;;;;;;;;;;;;;1;
2001;XIII;3230;3;Art. 323 p.3;;5;1;;;;;;;;;;;;;;;;;;;;;;;;2;
2001;XIII;3240;1;Art. 324 p.1;;3;1;;;3;1;;;;;;;;;;;;;;;;;;;;2;
2001;XIII;3250;1;Art. 325 p.1;;;;;;3;1;6;1;;;;;;;;;50;30;;;;;;;;1;
2001;XIII;3260;1;Art. 326 p.1;;;;;;3;1;;;;;2;0,5;;;;;50;30;;;3;1;;;;1;
2001;XIII;3260;2;Art. 326 p.2;;5;1;;;5;1;;;;;;;;;;;;;;;3;1;;;;2;
2001;XIII;3270;1;Art. 327 p.1;;;;;;3;1;6;1;;;;;;;;;70;;;;;;;;;1;
2001;XIII;3270;2;Art. 327 p.2;;5;2;;;;;;;;;;;;;;;;;;;;;;;;2;
2001;XIV;3280;1;Art. 328 p.1;;5;2;;;;;;;;;;;;;;;;;;;3;1;;;;2;
2001;XIV;3280;2;Art. 328 p.2;;8;5;;;;;;;;;;;;;;;;;;;;;;;;3;
2001;XIV;3290;1;Art. 329 p.1;;3;1;;;;;;;;;;;;;;;;;;;3;1;;;;2;
2001;XIV;3290;2;Art. 329 p.2;;5;2;;;;;;;;;;;;;;;;;;;;;;;;2;
2001;XIV;3300;1;Art. 330 p.1;;5;2;;;3;1;;;;;;;;;;;;;;;3;1;;;;2;
2001;XIV;3300;2;Art. 330 p.2;;8;4;;;;;;;;;;;;;;;;;;;3;1;;;;3;
2001;XIV;3310;1;Art. 331 p.1;;;;;;3;1;6;1;;;;;;;;;50;;;;;;;;;1;
2001;XIV;3310;2;Art. 331 p.2;;;;;;3;1;6;1;;;;;;;;;;;;;;;;;;1;
2001;XIV;3310;3;Art. 331 p.3;;5;2;;;;;;;;;;;;;;;;;;;;;;;;2;
2001;XIV;3320;1;Art. 332 p.1;;5;2;;;;;;;;;;;;;;;;;1;;;;;;;2;
2001;XIV;3320;2;Art. 332 p.2;;7;3;;;;;;;;;;;;;;;;;1;;;;;;;3;
2001;XIV;3330;1;Art. 333 p.1;;3;1;;;3;1;;;;;;;;;;;200;100;;;;;;;;2;
2001;XIV;3340;1;Art. 334 p.1;;5;1;;;5;1;;;;;;;;;;;1000;200;;;;;;;;2;
2001;XIV;3350;1;Art. 335 p.1;;;;;;3;1;;;;;;;;;;;;;;;;;;;;1;
2001;XIV;3360;1;Art. 336 p.1;;5;2;;;;;;;;;;;;;;;;;;;;;;;;2;
2001;XIV;3370;1;Art. 337 p.1;;;;;;;;6;1;;;2;0,5;;;;;50;30;;;;;;;;1;
2001;XIV;3370;2;Art. 337 p.2;;;;;;;;6;1;;;;;;;;;70;30;;;;;;;;1;
2001;XV;3380;1;Art. 338 p.1;;;;;;;;6;1;;;;;;;;;50;30;;;;;;;;1;
2001;XV;3380;2;Art. 338 p.2;;;;;;;;6;1;;;;;;;;;50;30;;;;;;;;1;
2001;XV;3390;1;Art. 339 p.1;;;;;;;;6;1;;;;;;;;;50;30;;;;;;;;1;
2001;XV;3400;1;Art. 340 p.1;;5;1;;;5;1;6;1;;;2;0,5;;;;;;;;;;;;;;2;
2001;XV;3410;1;Art. 341 p.1;;3;1;;;3;1;6;1;;;;;;;;;;;;;;;;;;2;
2001;XV;3420;1;Art. 342 p.1;;;;;;3;1;6;1;;;;;;;;;70;30;;;;;;;;1;
2001;XV;3420;2;Art. 342 p.2;;2;1;;;4;1;6;1;;;;;;;;;100;50;;;;;;;;1;
2001;XV;3420;3;Art. 342 p.3;;5;2;;;5;1;;;;;;;;;;;;;;;;;;;;2;
2001;XV;3430;1;Art. 343 p.1;;;;;;;;6;1;;;2;0,5;;;;;200;50;;;;;;;;1;
2001;XV;3430;2;Art. 343 p.2;;;;;;4;1;6;1;;;;;;;5;2;;;;;;;;;;1;
2001;XV;3440;1;Art. 344 p.1;;3;1;;;;;;;;;;;;;;;;;;;;;;;;2;
2001;XV;3440;2;Art. 344 p.2;;5;3;;;;;;;;;;;;;;;;;;;;;;;;2;
2001;XV;3450;1;Art. 345 p.1;;3;1;;;3;1;6;1;;;2;0,5;;;;;;;;;;;;;;2;
2001;XV;3450;2;Art. 345 p.2;;5;1;;;5;1;;;;;;;;;;;;;;;;;;;;2;
2001;XV;3450;3;Art. 345 p.3;;12;5;;;;;;;;;;;;;;;;;;;;;;;;4;
2001;XV;3450;4;Art. 345 p.4;;14;7;;;;;;;;;;;;;;;;;;;;;;;;4;
2001;XV;3460;1;Art. 346 p.1;;5;1;;;;;;;;;;;;;;;;;;;;;;;;2;
2001;XV;3460;2;Art. 346 p.2;;7;4;;;;;;;;;;;;;;;;;;;;;;;;3;
2001;XV;3460;3;Art. 346 p.3;;12;7;;;;;;;;;;;;;;;;;;;;;;;;4;
2001;XV;3470;1;Art. 347 p.1;;;;;;5;1;6;1;;;;;;;;;200;50;;;;;;;;1;
2001;XV;3470;2;Art. 347 p.2;;15;6;;;;;;;;;;;;;;;;;;;;;;;;4;
2001;XV;3480;1;Art. 348 p.1;1;15;9;;;;;;;;;;;;;;;;;;;;;;;;4;
2001;XV;3490;1;Art. 349 p.1;;15;8;;;;;;;;;;;;;;;;;;;;;;;;4;
2001;XV;3500;1;Art. 350 p.1;;2;1;;;3;1;6;1;;;;;;;;;;;;;;;;;;1;
2001;XV;3500;2;Art. 350 p.2;;5;3;;;5;3;;;;;;;;;;;;;;;;;;;;2;
2001;XV;3500;3;Art. 350 p.3;;12;5;;;;;;;;;;;;;;;;;;;;;;;;4;
2001;XV;3510;1;Art. 351 p.1;;;;;;3;1;6;1;;;;;;;;;1000;100;;;;;;;;1;
2001;XV;3510;2;Art. 351 p.2;;;;;;5;1;;;;;;;;;3;2;2000;500;;;;;;;;1;
2001;XV;3520;1;Art. 352 p.1;;4;1;;;;;6;1;;;;;;;;;200;50;;;;;;;;2;
2001;XV;3520;2;Art. 352 p.2;;12;5;;;;;;;;;;;;;;;;;;;;;;;;4;
2001;XV;3530;1;Art. 353 p.1;;;;;;3;1;6;1;;;;;;;;;50;30;;;;;;;;1;
2001;XV;3540;1;Art. 354 p.1;;3;1;;;3;1;;;;;2;0,5;;;;;70;30;;;;;;;;2;
2001;XV;3550;1;Art. 355 p.1;;;;;;2;1;6;1;;;2;0,5;;;;;;;;;;;;;;1;
2001;XV;3550;2;Art. 355 p.2;;5;3;;;;;;;;;;;;;;;;;;;;;;;;2;
2001;XV;3550;3;Art. 355 p.3;;8;4;;;;;;;;;;;;;;;;;;;;;;;;3;
2001;XV;3560;1;Art. 356 p.1;;;;;;;;3;1;;;2;0,5;;;;;50;30;;;;;;;;1;
2001;XV;3570;1;Art. 357 p.1;;;;;;3;1;;;;;;;;;;;50;30;;;;;;;;1;
2001;XV;3570;2;Art. 357 p.2;;3;1;;;3;1;;;;;;;;;;;70;30;;;;;;;;2;
2001;XV;3570;3;Art. 357 p.3;;;;;;3;1;3;1;;;;;;;;;50;30;;;;;;;;1;
2001;XV;3580;1;Art. 358 p.1;;;;;;3;1;6;1;;;;;;;;;70;30;;;;;;;;1;
2001;XV;3580;2;Art. 358 p.2;;5;1;;;5;1;;;;;;;;;;;;;;;;;;;;2;
2001;XV;3580;3;Art. 358 p.3;;;;;;2;1;6;1;;;;;;;;;50;30;;;;;;;;1;
2001;XV;3590;1;Art. 359 p.1;;4;1;;;4;1;;;;;;;;;;;200;100;;;;;;;;2;
2001;XV;3590;2;Art. 359 p.2;;7;3;;;;;;;;;;;;;;;;;;;;;;;;3;
2001;XV;3600;1;Art. 360 p.1;;;;;;2;1;;;;;2;0,5;;;;;200;100;;;;;;;;1;
2001;XVI;3610;1;Art. 361 p.1;;;;;;2;1;;;;;2;0,5;;;;;70;30;;;;;;;;1;
2001;XVI;3610;2;Art. 361 p.2;;5;3;;;5;1;;;;;;;;;;;;;;;;;;;;2;
2001;XVI;3620;1;Art. 362 p.1;;;;;;;;;;;;2;0,5;;;;;200;50;;;;;;;;1;
2001;XVI;3620;2;Art. 362 p.2;;3;1;;;3;1;;;;;;;;;;;400;100;;;;;;;;2;
2001;XVI;3620;3;Art. 362 p.3;;5;2;;;;;;;;;;;;;;;;;;;;;;;;2;
2001;XVI;3630;1;Art. 363 p.1;;;;;;;;;;;;2;0,5;;;5;2;50;30;;;;;;;;1;
2001;XVI;3630;2;Art. 363 p.2;;;;;;5;1;;;;;2;0,5;;;;;100;30;;;3;1;;;;1;
2001;XVII;3640;1;Art. 364 p.1;;;;;;3;1;6;1;;;2;0,5;;;;;;;;;3;1;;;;1;
2001;XVII;3640;2;Art. 364 p.2;;8;5;;;;;;;;;;;;;;;;;;;3;1;;;;3;
2001;XVII;3640;3;Art. 364 p.3;;12;5;;;;;;;;;;;;;;;;;1;;3;1;;;;4;
2001;XVII;3650;1;Art. 365 p.1;;5;2;;;5;1;;;;;2;0,5;;;;;;;;;3;1;;;;2;
2001;XVII;3650;2;Art. 365 p.2;;8;3;;;;;;;;;;;;;;;;;;;3;1;;;;3;
2001;XVII;3650;3;Art. 365 p.3;;10;7;;;;;;;;;;;;;;;;;;;3;1;;;;3;
2001;XVII;3660;1;Art. 366 p.1;;;;;;3;1;;;;;;;;;;;50;30;;;3;1;;;;1;
2001;XVII;3660;2;Art. 366 p.2;;5;2;;;;;;;;;;;;;;;;;;;3;1;;;;2;
2001;XVII;3670;1;Art. 367 p.1;;;;;;3;1;;;;;2;1;;;;;100;50;;;3;1;;;;1;
2001;XVII;3670;2;Art. 367 p.2;;5;2;;;;;;;;;;;;;;;;;;;3;1;;250;100;2;
2001;XVII;3680;1;Art. 368 p.1;;5;2;;;;;;;;;;;;;;;1000;750;;;3;1;;;;2;
2001;XVII;3680;2;Art. 368 p.2;;10;5;;;;;;;;;;;;;;;;;1;;3;1;;;;3;
2001;XVII;3680;3;Art. 368 p.3;;12;8;;;;;;;;;;;;;;;;;1;;3;1;;;;4;
2001;XVII;3690;1;Art. 369 p.1;;;;;;5;2;;;;;;;;;;;500;200;;;;;;;;1;
2001;XVII;3690;2;Art. 369 p.2;;8;3;;;;;;;;;;;;;;;;;1;;;;;;;3;
2001;XVII;3700;1;Art. 370 p.1;;5;2;;;5;1;;;;;;;;;;;;;;;;;;;;2;
2001;XVII;3700;2;Art. 370 p.2;;7;3;;;;;;;;;;;;;;;;;;;;;;;;3;
2001;XVIII;3710;1;Art. 371 p.1;;;;;;3;1;;;;;;;;;5;2;;;;;;;;;;1;
2001;XVIII;3710;2;Art. 371 p.2;;5;3;;;5;3;;;;;;;;;;;;;;;;;;;;2;
2001;XVIII;3710;3;Art. 371 p.3;;10;5;;;;;;;;;;;;;;;;;;;3;1;;;;3;
2001;XVIII;3720;1;Art. 372 p.1;;5;1;;;5;1;;;;;;;;;;;;;;;;;;;;2;
2001;XVIII;3720;2;Art. 372 p.2;;10;5;;;;;;;;;;;;;;;;;;;;;;;;3;
2001;XVIII;3730;1;Art. 373 p.1;;3;1;;;3;1;;;;;;;;;;;;;;;;;;;;2;
2001;XVIII;3730;2;Art. 373 p.2;;8;3;;;;;;;;;;;;;;;;;;;;;;;;3;
2001;XVIII;3740;1;Art. 374 p.1;;;;;;;;6;1;;;2;0,5;;;;;500;300;;;3;1;;;;1;
2001;XVIII;3740;2;Art. 374 p.2;;7;3;;;;;;;;;;;;;;;;;;;3;1;;;;3;
2001;XVIII;3750;1;Art. 375 p.1;;5;2;;;5;1;;;;;;;;;;;;;;;;;;;;2;
2001;XVIII;3750;2;Art. 375 p.2;;8;5;;;;;;;;;;;;;;;;;;;;;;;;3;
2001;XVIII;3760;1;Art. 376 p.1;;;;;;;;6;1;;;2;0,5;;;;;50;30;;;;;;;;1;
2001;XVIII;3760;2;Art. 376 p.2;;3;1;;;;;6;1;;;;;;;5;2;;;;;;;;;;2;
2001;XVIII;3770;1;Art. 377 p.1;;3;1;;;3;1;6;1;;;2;0,5;;;;;;;;;;;;;;2;
2001;XVIII;3770;2;Art. 377 p.2;;6;1;;;5;1;;;;;;;;;;;;;;;;;;;;3;
2001;XVIII;3770;3;Art. 377 p.3;;12;5;;;;;;;;;;;;;;;;;;;;;;;;4;
2001;XVIII;3780;1;Art. 378 p.1;;5;1;;;;;6;1;;;;;;;;;;;;;;;;;;2;
2001;XVIII;3780;2;Art. 378 p.2;;15;6;;;;;;;;;;;;;;;;;;;;;;;;4;
2001;XVIII;3790;1;Art. 379 p.1;1;15;8;;;;;;;;;;;;;;;;;;;;;;;;4;
2001;XVIII;3800;1;Art. 380 p.1;;5;1;;;;;;;;;;;;;;;;;;;;;;;;2;
2001;XVIII;3810;1;Art. 381 p.1;;;;;;3;1;;;;;2;0,5;;;;;300;100;;;;;;;;1;
2001;XVIII;3810;2;Art. 381 p.2;;5;1;;;5;1;6;1;;;;;;;;;;;;;;;;;;2;
2001;XVIII;3820;1;Art. 382 p.1;;3;1;;;;;;;;;;;;;;;1000;500;;;3;1;;;;2;
2001;XVIII;3820;2;Art. 382 p.2;;5;1;;;5;1;;;;;;;;;;;;;;;3;1;;;;2;
2001;XVIII;3820;3;Art. 382 p.3;;8;3;;;;;;;;;;;;;;;;;;;3;1;;;;3;
2001;XVIII;3830;1;Art. 383 p.1;;2;1;;;3;1;6;1;;;2;0,5;;;;;;;;;;;;;;1;
2001;XVIII;3830;2;Art. 383 p.2;;5;2;;;5;2;;;;;;;;;;;;;;;;;;;;2;
2001;XVIII;3840;1;Art. 384 p.1;;;;;;2;1;6;1;;;2;0,5;;;;;;;;;;;;;;1;
2001;XVIII;3840;2;Art. 384 p.2;;5;2;;;5;1;;;;;2;0,5;;;;;;;;;;;;;;2;
2001;XVIII;3850;1;Art. 385 p.1;;;;;;;;6;1;;;;;;;;;300;50;;;;;;;;1;
2001;XVIII;3860;1;Art. 386 p.1;;;;;;;;6;1;;;2;0,5;;;;;300;50;;;;;;;;1;
2001;XVIII;3870;1;Art. 387 p.1;;;;;;;;;;;;2;0,5;;;;;100;50;;;;;;;;1;
2001;XVIII;3870;2;Art. 387 p.2;;;;;;;;6;1;;;2;0,5;;;;;300;100;;;3;1;;;;1;
2001;XVIII;3880;1;Art. 388 p.1;;2;1;;;;;6;1;;;2;0,5;;;;;300;100;;;;;;;;1;
2001;XVIII;3890;1;Art. 389 p.1;;;;;;2;1;;;;;2;0,5;;;;;;;;;;;;;;1;
2001;XVIII;3890;2;Art. 389 p.2;;;;;;3;1;6;1;;;;;;;;;;;;;;;;;;1;
2001;XVIII;3900;1;Art. 390 p.1;;3;1;;;;;;;;;;;;;;;;;;;;;;;;2;
2001;XVIII;3900;2;Art. 390 p.2;;2;1;;;2;1;;;;;;;;;;;;;;;;;;;;1;
2001;XVIII;3900;3;Art. 390 p.3;;3;1;;;;;;;;;;;;;;;;;;;;;;;;2;
2001;XVIII;3910;1;Art. 391 p.1;;3;1;;;;;;;;;;;;;;;;;;;;;;;;2;
2001;XVIII;3920;1;Art. 392 p.1;;10;5;;;;;;;;;;;;;;;;;;;;;;;;3;
2001;XVIII;3930;1;Art. 393 p.1;;5;3;;;;;;;;;;;;;;;;;;;;;;;;2;
2001;XVIII;3930;2;Art. 393 p.2;;8;5;;;;;;;;;;;;;;;;;;;;;;;;3;
2001;XVIII;3940;1;Art. 394 p.1;;2;1;;;;;6;1;;;;;;;;;;;;;;;;;;1;
2001;XVIII;3950;1;Art. 395 p.1;;;;;;;;6;1;;;;;;;;;;;;;;;;;;1;
2001;XVIII;3960;1;Art. 396 p.1;;3;1;;;3;1;3;1;;;;;;;;;;;;;;;;;;2;
2001;XVIII;3970;1;Art. 397 p.1;;;;;;3;1;6;1;;;2;0,5;;;;;200;100;;;;;;;;1;
2001;XVIII;3970;2;Art. 397 p.2;;;;;;3;1;;;;;;;;;;;500;300;;;3;1;;;;1;
2001;XVIII;3980;1;Art. 398 p.1;;3;1;;;3;1;6;1;;;;;;;;;;;;;;;;;;2;
2001;XVIII;3980;2;Art. 398 p.2;;5;3;;;5;3;;;;;;;;;;;;;;;;;;;;2;
2001;XVIII;3980;3;Art. 398 p.3;;12;7;;;;;;;;;;;;;;;;;;;;;;;;4;
2001;XVIII;3990;1;Art. 399 p.1;;3;1;;;3;1;6;1;;;;;;;;;100;50;;;;;;;;2;
2001;XVIII;3990;2;Art. 399 p.2;;8;5;;;;;;;;;;;;;;;;;;;;;;;;3;
2001;XVIII;3990;3;Art. 399 p.3;;15;8;;;;;;;;;;;;;;;;;;;;;;;;4;
2001;XVIII;4000;1;Art. 400 p.1;1;15;8;;;;;;;;;;;;;;;;;;;;;;;;4;
2001;XIX;4020;1;Art. 402 p.1;;3;1;2;0,5;;;;;2;0,5;;;;;;;;;;;;;;;;2;
2001;XIX;4020;2;Art. 402 p.2;;7;3;;;;;;;;;;;;;;;;;;;;;;;;3;
2001;XIX;4020;3;Art. 402 p.3;;10;5;;;;;;;;;;;;;;;;;;;;;;;;3;
2001;XIX;4030;1;Art. 403 p.1;;2;1;1;0,5;;;;;3;0,5;;;;;;;;;;;;;;;;1;
2001;XIX;4030;2;Art. 403 p.2;;7;3;;;;;;;;;;;;;;;;;;;;;;;;3;
2001;XIX;4040;1;Art. 404 p.1;;5;2;2;0,5;;;;;2;0,5;;;;;;;;;;;;;;;;2;
2001;XIX;4040;2;Art. 404 p.2;;8;3;;;;;;;;;;;;;;;;;;;;;;;;3;
2001;XIX;4040;3;Art. 404 p.3;;12;3;;;;;;;;;;;;;;;;;;;;;;;;4;
2001;XIX;4040;4;Art. 404 p.4;1;15;10;;;;;;;;;;;;;;;;;;;;;;;;4;
2001;XIX;4050;1;Art. 405 p.1;;2;1;2;0,5;;;;;;;;;;;;;;;;;;;;;;1;
2001;XIX;4050;2;Art. 405 p.2;;7;2;;;;;;;;;;;;;;;;;;;;;;;;3;
2001;XIX;4050;3;Art. 405 p.3;;10;5;;;;;;;;;;;;;;;;;;;;;;;;3;
2001;XIX;4060;1;Art. 406 p.1;;3;1;1;0,5;;;6;1;;;;;;;;;;;;;;;;;;2;
2001;XIX;4060;2;Art. 406 p.2;;5;2;2;0,5;;;;;;;;;;;;;;;;;;;;;;2;
2001;XIX;4060;3;Art. 406 p.3;;10;3;;;;;;;;;;;;;;;;;;;;;;;;3;
2001;XIX;4070;1;Art. 407 p.1;;3;1;2;0,5;;;;;;;;;;;;;;;;;;;;;;2;
2001;XIX;4070;2;Art. 407 p.2;;3;1;;;;;;;2;0,5;;;;;;;100;30;;;;;;;;2;
2001;XIX;4070;3;Art. 407 p.3;;5;2;;;;;;;;;;;;;;;;;;;;;;;;2;
2001;XIX;4070;4;Art. 407 p.4;;10;5;;;;;;;;;;;;;;;;;;;;;;;;3;
2001;XIX;4080;1;Art. 408 p.1;;5;2;;;;;;;;;;;;;;;;;;;;;;;;2;
2001;XIX;4080;2;Art. 408 p.2;;10;5;;;;;;;;;;;;;;;;;;;;;;;;3;
2001;XIX;4080;3;Art. 408 p.3;;12;5;;;;;;;;;;;;;;;;;;;;;;;;4;
2001;XIX;4090;1;Art. 409 p.1;;2;1;2;0,5;;;;;;;;;;;;;;;;;;;;;;1;
2001;XIX;4090;2;Art. 409 p.2;;5;2;;;;;;;;;;;;;;;;;;;;;;;;2;
2001;XIX;4090;3;Art. 409 p.3;;10;5;;;;;;;;;;;;;;;;;;;;;;;;3;
2001;XIX;4100;1;Art. 410 p.1;;8;3;;;;;;;;;;;;;;;;;;;;;;;;3;
2001;XIX;4100;2;Art. 410 p.2;;10;5;;;;;;;;;;;;;;;;;;;;;;;;3;
2001;XIX;4100;3;Art. 410 p.3;;15;10;;;;;;;;;;;;;;;;;;;;;;;;4;
2001;XIX;4110;1;Art. 411 p.1;;3;1;2;0,5;;;;;2;0,5;;;;;;;;;;;;;;;;2;
2001;XIX;4110;2;Art. 411 p.2;;8;3;;;;;;;;;;;;;;;;;;;;;;;;3;
2001;XIX;4110;3;Art. 411 p.3;;10;5;;;;;;;;;;;;;;;;;;;;;;;;3;
2001;XIX;4120;1;Art. 412 p.1;;;;1;0,5;;;;;2;0,5;;;;;;;50;30;;;;;;;;1;
2001;XIX;4120;2;Art. 412 p.2;;3;1;2;0,5;;;;;;;;;;;;;;;;;;;;;;2;
2001;XIX;4130;1;Art. 413 p.1;;;;2;0,5;;;6;1;;;;;;;;;;;;;;;;;;1;
2001;XIX;4130;2;Art. 413 p.2;;2;1;2;0,5;;;6;1;;;;;;;;;;;;;;;;;;1;
2001;XIX;4130;3;Art. 413 p.3;;5;2;;;;;;;;;;;;;;;;;;;;;;;;2;
2001;XIX;4140;1;Art. 414 p.1;;3;1;2;0,5;;;;;2;0,5;;;;;;;;;;;;;;;;2;
2001;XIX;4140;2;Art. 414 p.2;;10;2;;;;;;;;;;;;;;;;;;;;;;;;3;
2001;XIX;4140;3;Art. 414 p.3;;12;3;;;;;;;;;;;;;;;;;;;;;;;;4;
2001;XIX;4150;1;Art. 415 p.1;;5;2;;;;;;;;;;;;;;;;;;;;;;;;2;
2001;XIX;4150;2;Art. 415 p.2;;10;5;;;;;;;;;;;;;;;;;;;;;;;;3;
2001;XIX;4160;1;Art. 416 p.1;;15;5;;;;;;;;;;;;;;;;;;;;;;;;4;
2001;XIX;4170;1;Art. 417 p.1;;15;5;;;;;;;;;;;;;;;;;;;;;;;;4;
2001;XIX;4180;1;Art. 418 p.1;;5;2;;;5;2;;;;;;;;;;;;;;;;;;;;2;
2001;XIX;4180;2;Art. 418 p.2;;8;3;;;;;;;;;;;;;;;;;;;;;;;;3;
2001;XIX;4190;1;Art. 419 p.1;;3;1;2;0,5;;;;;;;;;;;;;;;;;;;;;;2;
2001;XIX;4190;2;Art. 419 p.2;;8;3;;;;;;;;;;;;;;;;;;;;;;;;3;
2001;XIX;4200;1;Art. 420 p.1;;3;1;;;;;;;;;;;;;;;;;;;;;;;;2;
2001;XIX;4200;2;Art. 420 p.2;;8;3;;;;;;;;;;;;;;;;;;;;;;;;3;
2001;XIX;4200;3;Art. 420 p.3;;10;5;;;;;;;;;;;;;;;;;;;;;;;;3;
2001;XIX;4210;1;Art. 421 p.1;;3;1;2;0,5;;;;;;;;;;;;;;;;;;;;;;2;
2001;XIX;4210;2;Art. 421 p.2;;5;1;;;;;;;;;;;;;;;;;;;;;;;;2;
2001;XIX;4220;1;Art. 422 p.1;;5;2;;;;;;;;;;;;;;;;;;;;;;;;2;
2001;XIX;4220;2;Art. 422 p.2;;5;2;;;;;;;;;;;;;;;;;;;;;;;;2;
2001;XIX;4220;3;Art. 422 p.3;;10;5;;;;;;;;;;;;;;;;;;;;;;;;3;
2001;XIX;4230;1;Art. 423 p.1;;3;1;;;;;;;2;0,5;;;;;;;100;50;;;;;;;;2;
2001;XIX;4230;2;Art. 423 p.2;;8;3;;;;;;;;;;;;;;;;;;;;;;;;3;
2001;XIX;4230;3;Art. 423 p.3;;12;5;;;;;;;;;;;;;;;;;;;;;;;;4;
2001;XIX;4240;1;Art. 424 p.1;;5;2;;;5;2;;;;;;;;;;;;;;;;;;;;2;
2001;XIX;4240;2;Art. 424 p.2;;7;3;;;;;;;;;;;;;;;;;;;;;;;;3;
2001;XIX;4240;3;Art. 424 p.3;;10;5;;;;;;;;;;;;;;;;;;;;;;;;3;
2001;XIX;4240;4;Art. 424 p.4;;12;8;;;;;;;;;;;;;;;;;;;;;;;;4;
2001;XIX;4250;1;Art. 425 p.1;;3;1;;;;;;;2;0,5;;;;;;;100;30;;;;;;;;2;
2001;XIX;4250;2;Art. 425 p.2;;7;3;;;;;;;;;;;;;;;;;;;;;;;;3;
2001;XIX;4250;3;Art. 425 p.3;;8;5;;;;;;;;;;;;;;;;;;;;;;;;3;
2001;XIX;4260;1;Art. 426 p.1;;3;1;;;;;;;2;0,5;;;;;;;200;50;;;;;;;;2;
2001;XIX;4260;2;Art. 426 p.2;;7;3;;;;;;;;;;;;;;;;;;;;;;;;3;
2001;XIX;4260;3;Art. 426 p.3;;10;7;;;;;;;;;;;;;;;;;;;;;;;;3;
2001;XIX;4270;1;Art. 427 p.1;;10;3;;;;;;;;;;;;;;;;;;;;;;;;3;
2001;XIX;4280;1;Art. 428 p.1;;8;3;;;;;;;;;;;;;;;;;;;;;;;;3;
2001;XIX;4280;2;Art. 428 p.2;;10;7;;;;;;;;;;;;;;;;;;;;;;;;3;
2001;XIX;4290;1;Art. 429 p.1;;10;5;;;;;;;;;;;;;;;;;;;;;;;;3;
2001;XIX;4300;1;Art. 430 p.1;;10;7;;;;;;;;;;;;;;;;;;;;;;;;3;
2001;XIX;4310;1;Art. 431 p.1;;7;3;;;;;;;;;;;;;;;;;;;;;;;;3;
2001;XIX;4310;2;Art. 431 p.2;;8;5;;;;;;;;;;;;;;;;;;;;;;;;3;
2001;XIX;4310;3;Art. 431 p.3;;3;1;;;;;;;;;;;;;;;;;;;;;;;;2;
2001;XIX;4320;1;Art. 432 p.1;;10;3;;;;;;;;;;;;;;;;;;;;;;;;3;
2001;XIX;4330;1;Art. 433 p.1;;8;3;;;;;;;;;;;;;;;;;;;;;;;;3;
2001;XIX;4330;2;Art. 433 p.2;;10;7;;;;;;;;;;;;;;;;;;;;;;;;3;
2001;XIX;4340;1;Art. 434 p.1;;3;1;;;;;;;;;;;;;;;;;;;;;;;;2;
2001;XIX;4350;1;Art. 435 p.1;;2;1;;;;;;;;;;;;;;;;;;;;;;;;1;
2001;XX;4360;1;Art. 436 p.1;;3;1;;;;;6;1;;;2;0,5;;;;;;;;;;;;;;2;
2001;XX;4370;1;Art. 437 p.1;;12;7;;;;;;;;;;;;;;;;;;;;;;;;4;
2001;XX;4370;2;Art. 437 p.2;;15;10;;;;;;;;;;;;;;;;;;;;;;;;4;
2001;XX;4380;1;Art. 438 p.1;;12;8;;;;;;;;;;;;;;;;;;;;;;;;4;
2001;XX;4380;2;Art. 438 p.2;1;15;10;;;;;;;;;;;;;;;;;;;;;;;;4;
2001;XX;4390;1;Art. 439 p.1;;12;8;;;;;;;;;;;;;;;;;;;;;;;;4;
2001;XX;4390;2;Art. 439 p.2;1;15;8;;;;;;;;;;;;;;;;;;;;;;;;4;
2001;XX;4400;1;Art. 440 p.1;;10;3;;;;;;;;;;;;;;;;;;;;;;;;3;
2001;XX;4410;1;Art. 441 p.1;;15;8;;;;;;;;;;;;;;;;;;;;;;;;4;
2001;XX;4420;1;Art. 442 p.1;1;15;10;;;;;;;;;;;;;;;;;;;;;;;;4;
2001;XX;4420;2;Art. 442 p.2;;5;1;;;;;6;1;;;;;;;;;;;;;;;;;;2;
2001;XX;4430;1;Art. 443 p.1;1;15;8;;;;;;;;;;;;;;;;;;;;;;;;4;
2001;XX;4440;1;Art. 444 p.1;;8;3;;;;;;;;;;;;;;;;;;;;;;;;3;
2001;XX;4440;2;Art. 444 p.2;;2;1;;;3;1;3;1;;;2;0,5;;;;;;;;;;;;;;1;
2001;XX;4450;1;Art. 445 p.1;;;;;;;;6;1;;;;;;;;;50;30;;;;;;;;1;
2001;XX;4460;1;Art. 446 p.1;;12;5;;;;;;;;;;;;;;;;;1;;;;;;;4;
2001;XX;4460;2;Art. 446 p.2;;15;8;;;;;;;;;;;;;;;;;1;;;;;;;4;
2001;XX;4470;1;Art. 447 p.1;;8;3;;;;;;;;;;;;;;;;;;;;;;;;3;
2001;XX;4470;2;Art. 447 p.2;;10;5;;;;;;;;;;;;;;;;;;;;;;;;3;
